name,website,phone,address,category,description,email
Cheep Cheep Postcards - Direct Mail Advertising,,,Serving the Dallas area.,Digital Marketing Agencies,,N/A
Allegiant Digital Marketing,https://allegiantdigital.com/dallas,(469) 809-1133,,Digital Marketing Agencies,"From Business: Allegiant Digital Marketing™ is an award-winning advertising and digital marketing agency in Austin, Texas. With over 25+ years of experience we provide small…",N/A
JSL Marketing & Web Design,https://jsl.marketing,(817) 435-1350,,Digital Marketing Agencies,From Business: JSL Marketing is a digital marketing agency serving the greater Dallas + Fort Worth area. We are dedicated to our customers building better brands online by…,N/A
V Digital Services,https://www.vdigitalservices.com/location/dallas-texas,(214) 760-6704,,Digital Marketing Agencies,"From Business: V Digital Services Dallas is your go-to digital marketing powerhouse. As a certified Premier Google Partner, we ensure your business stands out online,…",N/A
Cerebral Corridors Digital Marketing,https://www.cerebralcorridors.com,(214) 506-8301,,Digital Marketing Agencies,"From Business: Committed to empowering stories and building strong relationships, Cerebral Corridors is a digital marketing agency focused on amplifying your businesses voice…",N/A
Lobster Ferret: A Digital Marketing Firm,https://www.lobsterferret.com,(214) 810-2124,,Digital Marketing Agencies,"From Business: Lobster Ferret offers a range of digital marketing services, including marketing strategy, social media, paid advertising, design, search engine marketing, and…",N/A
Comrade Digital Marketing Agency Dallas,https://comradeweb.com/internet-marketing-agency-dallas,(972) 544-1440,,Digital Marketing Agencies,,N/A
JDM Digital,http://jdmdigital.co,(214) 865-8077,,Digital Marketing Agencies,"From Business: Any idiot these days can produce ugly websites, logos, Facebook pages, or whatever. Dallas-based JDM Digital is a digital ad agency that creates reactions not…",N/A
The Marketing Arm Inc,,(214) 259-3200,,Digital Marketing Agencies,"From Business: Founded in 1993, The Marketing Arm is a network of experiential marketing services agencies, USM&P, Millsport and Davie-Brown Entertainment, specializing in…",N/A
Thrive Internet Marketing Agency,https://thriveagency.com,(972) 362-9333,,Digital Marketing Agencies,"From Business: We are a full-service Dallas digital marketing agency that has a track record of success. Our team of web designers, search engine optimization specialists,…",N/A
Ta Cito Direct Marketing,https://www.tacito.com/contact,(972) 458-2026,,Digital Marketing Agencies,"From Business: TaCito Direct is an agency that specializes in providing advertising, direct-response programs and marketing services to more than 3,000 clients. Operational for…",N/A
Hy-Suwtane Marketing Agency,http://www.quicktours.net,(972) 399-9482,,Digital Marketing Agencies,,N/A
US Marketing & Promotions Agency,,(310) 754-3000,,Digital Marketing Agencies,,N/A
Alcone Marketing Group,https://alcone.com,(214) 389-7020,,Digital Marketing Agencies,,N/A
Culture Farm,http://culturefarm.co,(214) 821-1112,,Digital Marketing Agencies,,N/A
Aars & Wells,http://www.aarswells.com,(214) 446-0996,,Digital Marketing Agencies,,N/A
LIFT - The Marketing Agency,https://liftcreations.com,(866) 244-1150,,Digital Marketing Agencies,"From Business: LIFT, the Dallas / Fort Worth agency with a focus on delivering excellent creative marketing through - Custom Web Development, Branding, Video, Print, SEO, PPC,…",N/A
Trendi Marketing,https://leaditmarketing.com/how-we-work,(214) 687-6993,,Digital Marketing Agencies,,N/A
Trendi Marketing Agency,https://trendimarketing.com,(214) 509-6334,,Digital Marketing Agencies,,N/A
1st MAPs,,(682) 651-7976,,Digital Marketing Agencies,,N/A
Brand New Marketing,https://itcrowdmarketing.com,(972) 807-0006,,Digital Marketing Agencies,,N/A
Trendi Marketing Agency,https://trendimarketing.com,(214) 509-6334,,Digital Marketing Agencies,"From Business: We understand that every client is different, every market is different. Therefore we create a unique strategy for each client. Everything we do is custom no…",N/A
Marketing Investors Corporation,,(214) 915-7207,,Digital Marketing Agencies,,N/A
Agency Marketing,,(214) 505-8739,,Digital Marketing Agencies,,N/A
S'Marketing EZ,,(214) 290-3979,,Digital Marketing Agencies,,N/A
Freeman Leonard,http://www.freemanleonard.com,(972) 419-1767,,Digital Marketing Agencies,"From Business: Reinventing Marketing Services - Freeman+Leonard offers a broad suite of marketing & creative services unlike any other firm of its kind. We provide top notch,…",N/A
One Life Production Marketing & Managing Agency,,(214) 377-7683,,Digital Marketing Agencies,,N/A
Branding Plus Marketing Group,http://www.brandingplusmarketing.com,(214) 824-4100,,Digital Marketing Agencies,From Business: Branding Plus Marketing Group understands the art of crafting media campaigns that build brand awareness while prompting your target to take action.…,N/A
Idea Grove,http://www.ideagrove.com,(972) 235-3439,,Digital Marketing Agencies,,N/A
Dms,,(972) 930-0100,,Digital Marketing Agencies,,N/A
2930 Creative,,(469) 899-6416,,Digital Marketing Agencies,"From Business: 2930 Creative is a digital advertising agency in Dallas, Texas. We specialize in graphic design, branding identity, display ads, and digital strategy. You can…",N/A
